Keyword,Frequency
bipv,58
building integrated photovoltaics,26
solar energy,25
building-integrated photovoltaics,24
building integrated photovoltaic,17
photovoltaic,16
photovoltaics,15
zero energy building,15
renewable energy,15
nzeb,13
building-integrated photovoltaic,13
energy efficiency,12
building integrated photovoltaics (bipv),11
zero energy buildings,10
building-integrated photovoltaics (bipv),9
net zero energy buildings,8
zero-energy buildings,7
energy performance,7
nearly zero energy buildings,7
building integrated photovoltaic (bipv),7
energy saving,7
building envelope,6
net zero energy building,6
building energy efficiency,6
building-integrated photovoltaic (bipv),6
